{
  "project_info": {
    "project_number": "206120152760",
    "project_id": "ayulife-73a91",
    "storage_bucket": "ayulife-73a91.appspot.com"
  },
  "client": [
    {
      "client_info": {
        "mobilesdk_app_id": "1:206120152760:android:dcd654a595dc58f3638e4d",
        "android_client_info": {
          "package_name": "com.ayulife.app"
        }
      },
      "oauth_client": [
        {
          "client_id": "206120152760-27q28546krog9t91nn4q4jokok632t9g.apps.googleusercontent.com",
          "client_type": 1,
          "android_info": {
            "package_name": "com.ayulife.app",
            "certificate_hash": "70dced07b2d561afe5e32f2bf6f901c3d9043650"
          }
        },
        {
          "client_id": "206120152760-qqfvlvhqpugit4adpokct10e2br78nts.apps.googleusercontent.com",
          "client_type": 1,
          "android_info": {
            "package_name": "com.ayulife.app",
            "certificate_hash": "96b21006c6e39f3b01980a5fe1bf11726ff7943d"
          }
        },
        {
          "client_id": "206120152760-vn01lh7nh305pdl4hvofv4v2kq2fpjuj.apps.googleusercontent.com",
          "client_type": 1,
          "android_info": {
            "package_name": "com.ayulife.app",
            "certificate_hash": "1e82437e212a0161d94fdb6504112c9fd734112e"
          }
        },
        {
          "client_id": "206120152760-cfmcdbfv4o9jmptdusd4mllq85h26g1v.apps.googleusercontent.com",
          "client_type": 3
        }
      ],
      "api_key": [
        {
          "current_key": "AIzaSyAu1PgTjGgq2J9qHJmB7lki-3Iii8jQFiQ"
        }
      ],
      "services": {
        "appinvite_service": {
          "other_platform_oauth_client": [
            {
              "client_id": "206120152760-cfmcdbfv4o9jmptdusd4mllq85h26g1v.apps.googleusercontent.com",
              "client_type": 3
            }
          ]
        }
      }
    }
  ],
  "configuration_version": "1"
}
